Round Number,Date,Location,Home Team,Away Team,Result
1,12/09/2020 12:30,Craven Cottage,Fulham,Arsenal,0 - 3
1,12/09/2020 15:00,Selhurst Park,Crystal Palace,Southampton,1 - 0
1,12/09/2020 17:30,Anfield,Liverpool,Leeds,4 - 3
1,12/09/2020 20:00,London Stadium,West Ham,Newcastle,0 - 2
1,13/09/2020 14:00,The Hawthorns,West Brom,Leicester,0 - 3
1,13/09/2020 16:30,Tottenham Hotspur Stadium,Spurs,Everton,0 - 1
1,14/09/2020 18:00,Bramall Lane,Sheffield,Wolves,0 - 2
1,14/09/2020 20:15,Amex Stadium,Brighton,Chelsea,1 - 3
2,19/09/2020 12:30,Goodison Park,Everton,West Brom,5 - 2
2,19/09/2020 15:00,Elland Road,Leeds,Fulham,4 - 3
2,19/09/2020 17:30,Old Trafford,Man Utd,Crystal Palace,1 - 3
2,19/09/2020 20:00,Emirates Stadium,Arsenal,West Ham,2 - 1
2,20/09/2020 12:00,St. Mary's Stadium,Southampton,Spurs,2 - 5
2,20/09/2020 14:00,St. James' Park,Newcastle,Brighton,0 - 3
2,20/09/2020 16:30,Stamford Bridge,Chelsea,Liverpool,0 - 2
2,20/09/2020 19:00,King Power Stadium,Leicester,Burnley,4 - 2
2,21/09/2020 18:00,Villa Park,Aston Villa,Sheffield,1 - 0
2,21/09/2020 20:15,Molineux Stadium,Wolves,Man City,1 - 3
3,26/09/2020 12:30,Amex Stadium,Brighton,Man Utd,2 - 3
3,26/09/2020 15:00,Selhurst Park,Crystal Palace,Everton,1 - 2
3,26/09/2020 17:30,The Hawthorns,West Brom,Chelsea,3 - 3
3,26/09/2020 20:00,Turf Moor,Burnley,Southampton,0 - 1
3,27/09/2020 12:00,Bramall Lane,Sheffield,Leeds,0 - 1
3,27/09/2020 14:00,Tottenham Hotspur Stadium,Spurs,Newcastle,1 - 1
3,27/09/2020 16:30,Etihad Stadium,Man City,Leicester,2 - 5
3,27/09/2020 19:00,London Stadium,West Ham,Wolves,4 - 0
3,28/09/2020 17:45,Craven Cottage,Fulham,Aston Villa,0 - 3
3,28/09/2020 20:00,Anfield,Liverpool,Arsenal,3 - 1
4,03/10/2020 12:30,Stamford Bridge,Chelsea,Crystal Palace,4 - 0
4,03/10/2020 15:00,Goodison Park,Everton,Brighton,4 - 2
4,03/10/2020 17:30,Elland Road,Leeds,Man City,1 - 1
4,03/10/2020 20:00,St. James' Park,Newcastle,Burnley,3 - 1
4,04/10/2020 12:00,King Power Stadium,Leicester,West Ham,0 - 3
4,04/10/2020 12:00,St. Mary's Stadium,Southampton,West Brom,2 - 0
4,04/10/2020 14:00,Emirates Stadium,Arsenal,Sheffield,2 - 1
4,04/10/2020 14:00,Molineux Stadium,Wolves,Fulham,1 - 0
4,04/10/2020 16:30,Old Trafford,Man Utd,Spurs,1 - 6
4,04/10/2020 19:15,Villa Park,Aston Villa,Liverpool,7 - 2
5,17/10/2020 12:30,Goodison Park,Everton,Liverpool,2 - 2
5,17/10/2020 15:00,Stamford Bridge,Chelsea,Southampton,3 - 3
5,17/10/2020 17:30,Etihad Stadium,Man City,Arsenal,1 - 0
5,17/10/2020 20:00,St. James' Park,Newcastle,Man Utd,1 - 4
5,18/10/2020 12:00,Bramall Lane,Sheffield,Fulham,1 - 1
5,18/10/2020 14:00,Selhurst Park,Crystal Palace,Brighton,1 - 1
5,18/10/2020 16:30,Tottenham Hotspur Stadium,Spurs,West Ham,3 - 3
5,18/10/2020 19:15,King Power Stadium,Leicester,Aston Villa,0 - 1
5,19/10/2020 17:30,The Hawthorns,West Brom,Burnley,0 - 0
5,19/10/2020 20:00,Elland Road,Leeds,Wolves,0 - 1
6,23/10/2020 20:00,Villa Park,Aston Villa,Leeds,0 - 3
6,24/10/2020 12:30,London Stadium,West Ham,Man City,1 - 1
6,24/10/2020 15:00,Craven Cottage,Fulham,Crystal Palace,1 - 2
6,24/10/2020 17:30,Old Trafford,Man Utd,Chelsea,0 - 0
6,24/10/2020 20:00,Anfield,Liverpool,Sheffield,2 - 1
6,25/10/2020 14:00,St. Mary's Stadium,Southampton,Everton,2 - 0
6,25/10/2020 16:30,Molineux Stadium,Wolves,Newcastle,1 - 1
6,25/10/2020 19:15,Emirates Stadium,Arsenal,Leicester,0 - 1
6,26/10/2020 17:30,Amex Stadium,Brighton,West Brom,1 - 1
6,26/10/2020 20:00,Turf Moor,Burnley,Spurs,0 - 1
7,30/10/2020 20:00,Molineux Stadium,Wolves,Crystal Palace,2 - 0
7,31/10/2020 12:30,Bramall Lane,Sheffield,Man City,0 - 1
7,31/10/2020 15:00,Turf Moor,Burnley,Chelsea,0 - 3
7,31/10/2020 17:30,Anfield,Liverpool,West Ham,2 - 1
7,01/11/2020 12:00,Villa Park,Aston Villa,Southampton,3 - 4
7,01/11/2020 14:00,St. James' Park,Newcastle,Everton,2 - 1
7,01/11/2020 16:30,Old Trafford,Man Utd,Arsenal,0 - 1
7,01/11/2020 19:15,Tottenham Hotspur Stadium,Spurs,Brighton,2 - 1
7,02/11/2020 17:30,Craven Cottage,Fulham,West Brom,2 - 0
7,02/11/2020 20:00,Elland Road,Leeds,Leicester,1 - 4
8,06/11/2020 17:30,Amex Stadium,Brighton,Burnley,0 - 0
8,06/11/2020 20:00,St. Mary's Stadium,Southampton,Newcastle,2 - 0
8,07/11/2020 12:30,Goodison Park,Everton,Man Utd,1 - 3
8,07/11/2020 15:00,Selhurst Park,Crystal Palace,Leeds,4 - 1
8,07/11/2020 17:30,Stamford Bridge,Chelsea,Sheffield,4 - 1
8,07/11/2020 20:00,London Stadium,West Ham,Fulham,1 - 0
8,08/11/2020 12:00,The Hawthorns,West Brom,Spurs,0 - 1
8,08/11/2020 14:00,King Power Stadium,Leicester,Wolves,1 - 0
8,08/11/2020 16:30,Etihad Stadium,Man City,Liverpool,1 - 1
8,08/11/2020 19:15,Emirates Stadium,Arsenal,Aston Villa,0 - 3
9,21/11/2020 12:30,St. James' Park,Newcastle,Chelsea,0 - 2
9,21/11/2020 15:00,Villa Park,Aston Villa,Brighton,1 - 2
9,21/11/2020 17:30,Tottenham Hotspur Stadium,Spurs,Man City,2 - 0
9,21/11/2020 20:00,Old Trafford,Man Utd,West Brom,1 - 0
9,22/11/2020 12:00,Craven Cottage,Fulham,Everton,2 - 3
9,22/11/2020 14:00,Bramall Lane,Sheffield,West Ham,0 - 1
9,22/11/2020 16:30,Elland Road,Leeds,Arsenal,0 - 0
9,22/11/2020 19:15,Anfield,Liverpool,Leicester,3 - 0
9,23/11/2020 17:30,Turf Moor,Burnley,Crystal Palace,1 - 0
9,23/11/2020 20:00,Molineux Stadium,Wolves,Southampton,1 - 1
10,27/11/2020 20:00,Selhurst Park,Crystal Palace,Newcastle,0 - 2
10,28/11/2020 12:30,Amex Stadium,Brighton,Liverpool,1 - 1
10,28/11/2020 15:00,Etihad Stadium,Man City,Burnley,5 - 0
10,28/11/2020 17:30,Goodison Park,Everton,Leeds,0 - 1
10,28/11/2020 20:00,The Hawthorns,West Brom,Sheffield,1 - 0
10,29/11/2020 14:00,St. Mary's Stadium,Southampton,Man Utd,2 - 3
10,29/11/2020 16:30,Stamford Bridge,Chelsea,Spurs,0 - 0
10,29/11/2020 19:15,Emirates Stadium,Arsenal,Wolves,1 - 2
10,30/11/2020 17:30,King Power Stadium,Leicester,Fulham,1 - 2
10,30/11/2020 20:00,London Stadium,West Ham,Aston Villa,2 - 1
11,05/12/2020 12:30,Turf Moor,Burnley,Everton,1 - 1
11,05/12/2020 15:00,Etihad Stadium,Man City,Fulham,2 - 0
11,05/12/2020 17:30,London Stadium,West Ham,Man Utd,1 - 3
11,05/12/2020 20:00,Stamford Bridge,Chelsea,Leeds,3 - 1
11,06/12/2020 12:00,The Hawthorns,West Brom,Crystal Palace,1 - 5
11,06/12/2020 14:15,Bramall Lane,Sheffield,Leicester,1 - 2
11,06/12/2020 16:30,Tottenham Hotspur Stadium,Spurs,Arsenal,2 - 0
11,06/12/2020 19:15,Anfield,Liverpool,Wolves,4 - 0
11,07/12/2020 20:00,Amex Stadium,Brighton,Southampton,1 - 2
12,11/12/2020 20:00,Elland Road,Leeds,West Ham,1 - 2
12,12/12/2020 12:30,Molineux Stadium,Wolves,Aston Villa,0 - 1
12,12/12/2020 15:00,St. James' Park,Newcastle,West Brom,2 - 1
12,12/12/2020 17:30,Old Trafford,Man Utd,Man City,0 - 0
12,12/12/2020 20:00,Goodison Park,Everton,Chelsea,1 - 0
12,13/12/2020 12:00,St. Mary's Stadium,Southampton,Sheffield,3 - 0
12,13/12/2020 14:15,Selhurst Park,Crystal Palace,Spurs,1 - 1
12,13/12/2020 16:30,Craven Cottage,Fulham,Liverpool,1 - 1
12,13/12/2020 19:15,Emirates Stadium,Arsenal,Burnley,0 - 1
12,13/12/2020 19:15,King Power Stadium,Leicester,Brighton,3 - 0
13,15/12/2020 18:00,Molineux Stadium,Wolves,Chelsea,2 - 1
13,15/12/2020 20:00,Etihad Stadium,Man City,West Brom,1 - 1
13,16/12/2020 18:00,Emirates Stadium,Arsenal,Southampton,1 - 1
13,16/12/2020 18:00,Elland Road,Leeds,Newcastle,5 - 2
13,16/12/2020 18:00,King Power Stadium,Leicester,Everton,0 - 2
13,16/12/2020 20:00,Craven Cottage,Fulham,Brighton,0 - 0
13,16/12/2020 20:00,London Stadium,West Ham,Crystal Palace,1 - 1
13,16/12/2020 20:00,Anfield,Liverpool,Spurs,2 - 1
13,17/12/2020 18:00,Villa Park,Aston Villa,Burnley,0 - 0
13,17/12/2020 20:00,Bramall Lane,Sheffield,Man Utd,2 - 3
14,19/12/2020 12:30,Selhurst Park,Crystal Palace,Liverpool,0 - 7
14,19/12/2020 15:00,St. Mary's Stadium,Southampton,Man City,0 - 1
14,19/12/2020 17:30,Goodison Park,Everton,Arsenal,2 - 1
14,19/12/2020 20:00,St. James' Park,Newcastle,Fulham,1 - 1
14,20/12/2020 12:00,Amex Stadium,Brighton,Sheffield,1 - 1
14,20/12/2020 14:15,Tottenham Hotspur Stadium,Spurs,Leicester,0 - 2
14,20/12/2020 16:30,Old Trafford,Man Utd,Leeds,6 - 2
14,20/12/2020 19:15,The Hawthorns,West Brom,Aston Villa,0 - 3
14,21/12/2020 17:30,Turf Moor,Burnley,Wolves,2 - 1
14,21/12/2020 20:00,Stamford Bridge,Chelsea,West Ham,3 - 0
15,26/12/2020 12:30,King Power Stadium,Leicester,Man Utd,2 - 2
15,26/12/2020 15:00,Villa Park,Aston Villa,Crystal Palace,3 - 0
15,26/12/2020 15:00,Craven Cottage,Fulham,Southampton,0 - 0
15,26/12/2020 17:30,Emirates Stadium,Arsenal,Chelsea,3 - 1
15,26/12/2020 20:00,Etihad Stadium,Man City,Newcastle,2 - 0
15,26/12/2020 20:00,Bramall Lane,Sheffield,Everton,0 - 1
15,27/12/2020 12:00,Elland Road,Leeds,Burnley,1 - 0
15,27/12/2020 14:15,London Stadium,West Ham,Brighton,2 - 2
15,27/12/2020 16:30,Anfield,Liverpool,West Brom,1 - 1
15,27/12/2020 19:15,Molineux Stadium,Wolves,Spurs,1 - 1
16,28/12/2020 15:00,Selhurst Park,Crystal Palace,Leicester,1 - 1
16,28/12/2020 17:30,Stamford Bridge,Chelsea,Aston Villa,1 - 1
16,29/12/2020 18:00,Amex Stadium,Brighton,Arsenal,0 - 1
16,29/12/2020 18:00,Turf Moor,Burnley,Sheffield,1 - 0
16,29/12/2020 18:00,St. Mary's Stadium,Southampton,West Ham,0 - 0
16,29/12/2020 18:00,The Hawthorns,West Brom,Leeds,0 - 5
16,29/12/2020 20:00,Old Trafford,Man Utd,Wolves,1 - 0
16,30/12/2020 20:00,St. James' Park,Newcastle,Liverpool,0 - 0
17,01/01/2021 17:30,Goodison Park,Everton,West Ham,0 - 1
17,01/01/2021 20:00,Old Trafford,Man Utd,Aston Villa,2 - 1
17,02/01/2021 12:30,Tottenham Hotspur Stadium,Spurs,Leeds,3 - 0
17,02/01/2021 15:00,Selhurst Park,Crystal Palace,Sheffield,2 - 0
17,02/01/2021 17:30,Amex Stadium,Brighton,Wolves,3 - 3
17,02/01/2021 20:00,The Hawthorns,West Brom,Arsenal,0 - 4
17,03/01/2021 14:15,St. James' Park,Newcastle,Leicester,1 - 2
17,03/01/2021 16:30,Stamford Bridge,Chelsea,Man City,1 - 3
17,04/01/2021 20:00,St. Mary's Stadium,Southampton,Liverpool,1 - 0
18,12/01/2021 18:00,Bramall Lane,Sheffield,Newcastle,1 - 0
18,12/01/2021 20:15,Turf Moor,Burnley,Man Utd,0 - 1
18,12/01/2021 20:15,Molineux Stadium,Wolves,Everton,1 - 2
18,13/01/2021 18:00,Etihad Stadium,Man City,Brighton,1 - 0
18,13/01/2021 20:15,Tottenham Hotspur Stadium,Spurs,Fulham,1 - 1
18,14/01/2021 20:00,Emirates Stadium,Arsenal,Crystal Palace,0 - 0
19,16/01/2021 12:30,Molineux Stadium,Wolves,West Brom,2 - 3
19,16/01/2021 15:00,Elland Road,Leeds,Brighton,0 - 1
19,16/01/2021 15:00,London Stadium,West Ham,Burnley,1 - 0
19,16/01/2021 17:30,Craven Cottage,Fulham,Chelsea,0 - 1
19,16/01/2021 20:00,King Power Stadium,Leicester,Southampton,2 - 0
19,17/01/2021 12:00,Villa Park,Aston Villa,Everton,
19,17/01/2021 14:00,Bramall Lane,Sheffield,Spurs,1 - 3
19,17/01/2021 16:30,Anfield,Liverpool,Man Utd,0 - 0
19,17/01/2021 19:15,Etihad Stadium,Man City,Crystal Palace,4 - 0
19,18/01/2021 20:00,Emirates Stadium,Arsenal,Newcastle,3 - 0
19,19/01/2021 18:00,London Stadium,West Ham,West Brom,2 - 1
19,19/01/2021 20:15,King Power Stadium,Leicester,Chelsea,2 - 0
19,20/01/2021 18:00,Etihad Stadium,Man City,Aston Villa,2 - 0
19,20/01/2021 20:15,Craven Cottage,Fulham,Man Utd,1 - 2
19,21/01/2021 20:00,Anfield,Liverpool,Burnley,0 - 1
19,23/01/2021 20:00,Villa Park,Aston Villa,Newcastle,2 - 0
20,26/01/2021 18:00,St. James' Park,Newcastle,Leeds,1 - 2
20,26/01/2021 18:00,Selhurst Park,Crystal Palace,West Ham,2 - 3
20,26/01/2021 20:15,The Hawthorns,West Brom,Man City,0 - 5
20,26/01/2021 20:15,St. Mary's Stadium,Southampton,Arsenal,1 - 3
20,27/01/2021 18:00,Turf Moor,Burnley,Aston Villa,3 - 2
20,27/01/2021 18:00,Stamford Bridge,Chelsea,Wolves,0 - 0
20,27/01/2021 19:30,Amex Stadium,Brighton,Fulham,0 - 0
20,27/01/2021 20:15,Goodison Park,Everton,Leicester,1 - 1
20,27/01/2021 20:15,Old Trafford,Man Utd,Sheffield,1 - 2
20,28/01/2021 20:00,Tottenham Hotspur Stadium,Spurs,Liverpool,1 - 3
21,30/01/2021 12:30,Goodison Park,Everton,Newcastle,0 - 2
21,30/01/2021 15:00,Selhurst Park,Crystal Palace,Wolves,1 - 0
21,30/01/2021 15:00,Etihad Stadium,Man City,Sheffield,1 - 0
21,30/01/2021 15:00,The Hawthorns,West Brom,Fulham,2 - 2
21,30/01/2021 17:30,Emirates Stadium,Arsenal,Man Utd,0 - 0
21,30/01/2021 20:00,St. Mary's Stadium,Southampton,Aston Villa,0 - 1
21,31/01/2021 12:00,Stamford Bridge,Chelsea,Burnley,2 - 0
21,31/01/2021 14:00,King Power Stadium,Leicester,Leeds,1 - 3
21,31/01/2021 16:30,London Stadium,West Ham,Liverpool,1 - 3
21,31/01/2021 19:15,Amex Stadium,Brighton,Spurs,1 - 0
22,02/02/2021 18:00,Bramall Lane,Sheffield,West Brom,2 - 1
22,02/02/2021 18:00,Molineux Stadium,Wolves,Arsenal,2 - 1
22,02/02/2021 20:15,Old Trafford,Man Utd,Southampton,9 - 0
22,02/02/2021 20:15,St. James' Park,Newcastle,Crystal Palace,1 - 2
22,03/02/2021 18:00,Turf Moor,Burnley,Man City,0 - 2
22,03/02/2021 18:00,Craven Cottage,Fulham,Leicester,0 - 2
22,03/02/2021 19:30,Elland Road,Leeds,Everton,1 - 2
22,03/02/2021 20:15,Villa Park,Aston Villa,West Ham,1 - 3
22,03/02/2021 20:15,Anfield,Liverpool,Brighton,0 - 1
22,04/02/2021 20:00,Tottenham Hotspur Stadium,Spurs,Chelsea,0 - 1
23,06/02/2021 12:30,Villa Park,Aston Villa,Arsenal,1 - 0
23,06/02/2021 15:00,Turf Moor,Burnley,Brighton,1 - 1
23,06/02/2021 15:00,St. James' Park,Newcastle,Southampton,3 - 2
23,06/02/2021 17:30,Craven Cottage,Fulham,West Ham,0 - 0
23,06/02/2021 20:00,Old Trafford,Man Utd,Everton,3 - 3
23,07/02/2021 12:00,Tottenham Hotspur Stadium,Spurs,West Brom,2 - 0
23,07/02/2021 14:00,Molineux Stadium,Wolves,Leicester,0 - 0
23,07/02/2021 16:30,Anfield,Liverpool,Man City,1 - 4
23,07/02/2021 19:15,Bramall Lane,Sheffield,Chelsea,1 - 2
23,08/02/2021 20:00,Elland Road,Leeds,Crystal Palace,2 - 0
24,13/02/2021 12:30,King Power Stadium,Leicester,Liverpool,3 - 1
24,13/02/2021 15:00,Selhurst Park,Crystal Palace,Burnley,0 - 3
24,13/02/2021 17:30,Etihad Stadium,Man City,Spurs,3 - 0
24,13/02/2021 20:00,Amex Stadium,Brighton,Aston Villa,0 - 0
24,14/02/2021 12:00,St. Mary's Stadium,Southampton,Wolves,1 - 2
24,14/02/2021 14:00,The Hawthorns,West Brom,Man Utd,1 - 1
24,14/02/2021 16:30,Emirates Stadium,Arsenal,Leeds,4 - 2
24,14/02/2021 19:00,Goodison Park,Everton,Fulham,0 - 2
24,15/02/2021 18:00,London Stadium,West Ham,Sheffield,3 - 0
24,15/02/2021 20:00,Stamford Bridge,Chelsea,Newcastle,2 - 0
24,17/02/2021 18:00,Turf Moor,Burnley,Fulham,1 - 1
24,17/02/2021 20:15,Goodison Park,Everton,Man City,1 - 3
25,19/02/2021 20:00,Molineux Stadium,Wolves,Leeds,1 - 0
25,20/02/2021 12:30,St. Mary's Stadium,Southampton,Chelsea,1 - 1
25,20/02/2021 15:00,Turf Moor,Burnley,West Brom,0 - 0
25,20/02/2021 17:30,Anfield,Liverpool,Everton,0 - 2
25,20/02/2021 20:00,Craven Cottage,Fulham,Sheffield,1 - 0
25,21/02/2021 12:00,London Stadium,West Ham,Spurs,2 - 1
25,21/02/2021 14:05,Villa Park,Aston Villa,Leicester,1 - 2
25,21/02/2021 16:30,Emirates Stadium,Arsenal,Man City,0 - 1
25,21/02/2021 19:00,Old Trafford,Man Utd,Newcastle,3 - 1
25,22/02/2021 20:00,Amex Stadium,Brighton,Crystal Palace,1 - 2
25,23/02/2021 18:00,Elland Road,Leeds,Southampton,3 - 0
26,27/02/2021 12:30,Etihad Stadium,Man City,West Ham,2 - 1
26,27/02/2021 15:00,The Hawthorns,West Brom,Brighton,1 - 0
26,27/02/2021 17:30,Elland Road,Leeds,Aston Villa,0 - 1
26,27/02/2021 20:00,St. James' Park,Newcastle,Wolves,1 - 1
26,28/02/2021 12:00,Selhurst Park,Crystal Palace,Fulham,0 - 0
26,28/02/2021 12:00,King Power Stadium,Leicester,Arsenal,1 - 3
26,28/02/2021 14:00,Tottenham Hotspur Stadium,Spurs,Burnley,4 - 0
26,28/02/2021 16:30,Stamford Bridge,Chelsea,Man Utd,0 - 0
26,28/02/2021 19:15,Bramall Lane,Sheffield,Liverpool,0 - 2
26,01/03/2021 20:00,Goodison Park,Everton,Southampton,1 - 0
26,02/03/2021 20:00,Etihad Stadium,Man City,Wolves,4 - 1
26,03/03/2021 18:00,Turf Moor,Burnley,Leicester,1 - 1
26,03/03/2021 18:00,Bramall Lane,Sheffield,Aston Villa,1 - 0
26,03/03/2021 20:15,Selhurst Park,Crystal Palace,Man Utd,0 - 0
26,04/03/2021 18:00,The Hawthorns,West Brom,Everton,0 - 1
26,04/03/2021 18:00,Craven Cottage,Fulham,Spurs,0 - 1
26,04/03/2021 20:15,Anfield,Liverpool,Chelsea,0 - 1
27,06/03/2021 12:30,Turf Moor,Burnley,Arsenal,1 - 1
27,06/03/2021 15:00,Bramall Lane,Sheffield,Southampton,0 - 2
27,06/03/2021 17:30,Villa Park,Aston Villa,Wolves,0 - 0
27,06/03/2021 20:00,Amex Stadium,Brighton,Leicester,1 - 2
27,07/03/2021 12:00,The Hawthorns,West Brom,Newcastle,0 - 0
27,07/03/2021 14:00,Anfield,Liverpool,Fulham,0 - 1
27,07/03/2021 16:30,Etihad Stadium,Man City,Man Utd,0 - 2
27,07/03/2021 19:15,Tottenham Hotspur Stadium,Spurs,Crystal Palace,4 - 1
27,08/03/2021 18:00,Stamford Bridge,Chelsea,Everton,2 - 0
27,08/03/2021 20:00,London Stadium,West Ham,Leeds,2 - 0
27,10/03/2021 18:00,Etihad Stadium,Man City,Southampton,5 - 2
28,12/03/2021 20:00,St. James' Park,Newcastle,Aston Villa,1 - 1
28,13/03/2021 12:30,Elland Road,Leeds,Chelsea,0 - 0
28,13/03/2021 15:00,Selhurst Park,Crystal Palace,West Brom,1 - 0
28,13/03/2021 17:30,Goodison Park,Everton,Burnley,1 - 2
28,13/03/2021 20:00,Craven Cottage,Fulham,Man City,0 - 3
28,14/03/2021 12:00,St. Mary's Stadium,Southampton,Brighton,
28,14/03/2021 14:00,King Power Stadium,Leicester,Sheffield,
28,14/03/2021 16:30,Emirates Stadium,Arsenal,Spurs,
28,14/03/2021 19:15,Old Trafford,Man Utd,West Ham,
28,15/03/2021 20:00,Molineux Stadium,Wolves,Liverpool,
29,19/03/2021 20:00,Craven Cottage,Fulham,Leeds,
29,20/03/2021 15:00,Tottenham Hotspur Stadium,Spurs,Southampton,
29,20/03/2021 20:00,Amex Stadium,Brighton,Newcastle,
29,21/03/2021 15:00,London Stadium,West Ham,Arsenal,
29,21/03/2021 19:30,Villa Park,Aston Villa,Spurs,
30,03/04/2021 15:00,Emirates Stadium,Arsenal,Liverpool,
30,03/04/2021 15:00,Villa Park,Aston Villa,Fulham,
30,03/04/2021 15:00,Stamford Bridge,Chelsea,West Brom,
30,03/04/2021 15:00,Goodison Park,Everton,Crystal Palace,
30,03/04/2021 15:00,Elland Road,Leeds,Sheffield,
30,03/04/2021 15:00,King Power Stadium,Leicester,Man City,
30,03/04/2021 15:00,Old Trafford,Man Utd,Brighton,
30,03/04/2021 15:00,St. James' Park,Newcastle,Spurs,
30,03/04/2021 15:00,St. Mary's Stadium,Southampton,Burnley,
30,03/04/2021 15:00,Molineux Stadium,Wolves,West Ham,
31,10/04/2021 15:00,Amex Stadium,Brighton,Everton,
31,10/04/2021 15:00,Turf Moor,Burnley,Newcastle,
31,10/04/2021 15:00,Selhurst Park,Crystal Palace,Chelsea,
31,10/04/2021 15:00,Craven Cottage,Fulham,Wolves,
31,10/04/2021 15:00,Anfield,Liverpool,Aston Villa,
31,10/04/2021 15:00,Etihad Stadium,Man City,Leeds,
31,10/04/2021 15:00,Bramall Lane,Sheffield,Arsenal,
31,10/04/2021 15:00,Tottenham Hotspur Stadium,Spurs,Man Utd,
31,10/04/2021 15:00,The Hawthorns,West Brom,Southampton,
31,10/04/2021 15:00,London Stadium,West Ham,Leicester,
32,17/04/2021 15:00,Emirates Stadium,Arsenal,Fulham,
32,17/04/2021 15:00,Villa Park,Aston Villa,Man City,
32,17/04/2021 15:00,Stamford Bridge,Chelsea,Brighton,
32,17/04/2021 15:00,Goodison Park,Everton,Spurs,
32,17/04/2021 15:00,Elland Road,Leeds,Liverpool,
32,17/04/2021 15:00,King Power Stadium,Leicester,West Brom,
32,17/04/2021 15:00,Old Trafford,Man Utd,Burnley,
32,17/04/2021 15:00,St. James' Park,Newcastle,West Ham,
32,17/04/2021 15:00,St. Mary's Stadium,Southampton,Crystal Palace,
32,17/04/2021 15:00,Molineux Stadium,Wolves,Sheffield,
33,24/04/2021 15:00,Emirates Stadium,Arsenal,Everton,
33,24/04/2021 15:00,Villa Park,Aston Villa,West Brom,
33,24/04/2021 15:00,Elland Road,Leeds,Man Utd,
33,24/04/2021 15:00,King Power Stadium,Leicester,Crystal Palace,
33,24/04/2021 15:00,Anfield,Liverpool,Newcastle,
33,24/04/2021 15:00,Bramall Lane,Sheffield,Brighton,
33,24/04/2021 15:00,London Stadium,West Ham,Chelsea,
33,24/04/2021 15:00,Molineux Stadium,Wolves,Burnley,
34,01/05/2021 15:00,Amex Stadium,Brighton,Leeds,
34,01/05/2021 15:00,Turf Moor,Burnley,West Ham,
34,01/05/2021 15:00,Stamford Bridge,Chelsea,Fulham,
34,01/05/2021 15:00,Selhurst Park,Crystal Palace,Man City,
34,01/05/2021 15:00,Goodison Park,Everton,Aston Villa,
34,01/05/2021 15:00,Old Trafford,Man Utd,Liverpool,
34,01/05/2021 15:00,St. James' Park,Newcastle,Arsenal,
34,01/05/2021 15:00,St. Mary's Stadium,Southampton,Leicester,
34,01/05/2021 15:00,Tottenham Hotspur Stadium,Spurs,Sheffield,
34,01/05/2021 15:00,The Hawthorns,West Brom,Wolves,
35,08/05/2021 15:00,Emirates Stadium,Arsenal,West Brom,
35,08/05/2021 15:00,Villa Park,Aston Villa,Man Utd,
35,08/05/2021 15:00,Craven Cottage,Fulham,Burnley,
35,08/05/2021 15:00,Elland Road,Leeds,Spurs,
35,08/05/2021 15:00,King Power Stadium,Leicester,Newcastle,
35,08/05/2021 15:00,Anfield,Liverpool,Southampton,
35,08/05/2021 15:00,Etihad Stadium,Man City,Chelsea,
35,08/05/2021 15:00,Bramall Lane,Sheffield,Crystal Palace,
35,08/05/2021 15:00,London Stadium,West Ham,Everton,
35,08/05/2021 15:00,Molineux Stadium,Wolves,Brighton,
36,11/05/2021 19:45,Amex Stadium,Brighton,West Ham,
36,11/05/2021 19:45,Turf Moor,Burnley,Leeds,
36,11/05/2021 19:45,Goodison Park,Everton,Sheffield,
36,11/05/2021 20:00,Old Trafford,Man Utd,Leicester,
36,11/05/2021 20:00,The Hawthorns,West Brom,Liverpool,
36,11/05/2021 20:00,Selhurst Park,Crystal Palace,Aston Villa,
36,12/05/2021 19:45,Stamford Bridge,Chelsea,Arsenal,
36,12/05/2021 19:45,St. James' Park,Newcastle,Man City,
36,12/05/2021 19:45,St. Mary's Stadium,Southampton,Fulham,
36,12/05/2021 19:45,Tottenham Hotspur Stadium,Spurs,Wolves,
37,15/05/2021 15:00,Amex Stadium,Brighton,Man City,
37,15/05/2021 15:00,Turf Moor,Burnley,Liverpool,
37,15/05/2021 15:00,Stamford Bridge,Chelsea,Leicester,
37,15/05/2021 15:00,Selhurst Park,Crystal Palace,Arsenal,
37,15/05/2021 15:00,Goodison Park,Everton,Wolves,
37,15/05/2021 15:00,Old Trafford,Man Utd,Fulham,
37,15/05/2021 15:00,St. James' Park,Newcastle,Sheffield,
37,15/05/2021 15:00,St. Mary's Stadium,Southampton,Leeds,
37,15/05/2021 15:00,Tottenham Hotspur Stadium,Spurs,Aston Villa,
37,15/05/2021 15:00,The Hawthorns,West Brom,West Ham,
38,23/05/2021 16:00,Emirates Stadium,Arsenal,Brighton,
38,23/05/2021 16:00,Villa Park,Aston Villa,Chelsea,
38,23/05/2021 16:00,Craven Cottage,Fulham,Newcastle,
38,23/05/2021 16:00,Elland Road,Leeds,West Brom,
38,23/05/2021 16:00,King Power Stadium,Leicester,Spurs,
38,23/05/2021 16:00,Anfield,Liverpool,Crystal Palace,
38,23/05/2021 16:00,Etihad Stadium,Man City,Everton,
38,23/05/2021 16:00,Bramall Lane,Sheffield,Burnley,
38,23/05/2021 16:00,London Stadium,West Ham,Southampton,
38,23/05/2021 16:00,Molineux Stadium,Wolves,Man Utd,
